id,birthday,education_classes_id,education_concentration_id,education_degree_id,education_school_id,education_type,education_with_id,education_year_id,first_name,gender,hometown_id,languages_id,last_name,locale,location_id,work_employer_id,work_end_date,work_location_id,work_position_id,work_start_date,work_with_id
0,0,9,14,20,52,55,56,69,73,78,79,90,104,127,129,52,165,129,188,170,205
1,0,8,13,20,24,53,56,57,73,77,79,90,104,127,128,139,157,129,181,157,205
2,0,8,13,20,35,55,56,57,73,78,79,98,114,126,135,139,157,129,181,157,205
3,7,8,14,20,50,55,56,65,73,78,79,92,104,127,137,139,170,137,181,202,205
4,0,8,13,20,50,55,56,57,73,78,79,90,104,127,128,139,157,129,181,157,205
5,0,8,13,20,50,54,56,65,73,78,79,90,104,127,128,139,157,129,181,157,205
6,1,8,13,20,24,55,56,62,73,78,79,90,111,127,128,139,157,129,181,157,205
7,0,8,13,20,50,55,56,59,73,78,79,90,107,127,137,144,157,129,181,196,205
8,0,8,13,20,24,53,56,57,73,78,79,90,104,127,128,139,157,129,181,157,205
9,0,8,13,20,24,53,56,57,73,78,79,90,104,127,128,139,157,129,181,157,205
10,6,8,14,20,50,55,56,65,73,78,79,90,104,127,137,50,157,129,181,200,205
11,0,8,13,20,24,53,56,57,73,77,79,90,104,127,128,139,157,129,181,157,205
12,0,8,13,20,39,55,56,57,73,77,79,90,104,127,128,139,157,129,181,157,205
13,7,8,13,20,50,55,56,65,73,78,79,100,104,127,137,139,157,129,181,157,205
14,0,8,13,20,39,55,56,57,73,78,79,90,108,127,128,139,157,129,181,157,205
15,0,8,13,20,43,54,56,57,73,77,79,90,104,127,128,139,157,129,181,157,205
16,5,8,13,20,50,55,56,64,73,77,79,90,104,127,137,144,157,129,181,157,205
17,0,8,13,20,39,55,56,57,73,78,79,90,104,127,129,139,157,175,181,157,205
18,0,8,13,22,50,55,56,66,73,77,79,90,104,127,128,139,157,129,181,157,205
19,0,8,15,20,39,55,56,66,73,78,81,90,104,127,128,139,157,129,181,157,205
20,1,8,13,20,24,55,56,67,73,78,79,90,104,127,128,139,157,129,181,166,205
21,5,8,13,20,24,53,56,57,73,77,79,96,104,127,128,139,157,129,181,157,205
22,0,8,17,20,50,55,56,66,73,78,79,90,104,127,128,139,157,129,181,157,205
23,0,8,13,20,47,55,56,65,73,77,79,90,104,127,132,139,157,129,181,157,205
24,0,8,19,20,50,55,56,72,73,78,79,90,110,127,132,139,157,137,181,171,205
25,0,8,14,20,50,55,56,65,73,78,79,90,104,127,132,50,172,137,193,202,205
26,0,8,13,20,24,53,56,57,73,78,79,90,104,127,128,139,157,129,181,157,205
27,0,8,13,20,50,55,56,65,73,78,79,90,104,127,128,139,157,129,181,165,205
28,0,8,13,20,24,53,56,57,73,77,79,90,108,127,128,139,157,129,181,157,205
29,0,8,13,20,50,55,56,66,73,77,79,90,104,126,134,139,166,137,181,165,205
30,0,8,13,20,24,53,56,57,73,77,79,90,104,127,128,139,157,129,181,157,205
31,0,8,13,20,50,55,56,65,73,78,79,90,104,127,128,50,157,132,181,157,205
32,0,8,13,20,24,53,56,57,73,77,79,90,104,127,128,139,157,129,181,157,205
33,0,8,14,20,24,55,56,57,73,78,79,90,118,127,134,139,161,129,181,162,205
34,0,8,13,20,24,55,56,65,73,78,79,92,104,127,128,139,157,129,181,196,205
35,0,8,13,20,45,55,56,57,73,78,88,90,104,127,88,139,157,129,181,157,205
36,0,8,16,22,49,55,56,62,73,77,79,90,104,127,128,139,157,129,181,157,205
37,0,8,13,20,24,55,56,63,73,77,79,90,109,127,128,50,169,129,193,168,205
38,0,8,14,20,50,55,56,72,73,78,79,90,104,127,128,154,166,180,181,169,205
39,0,8,13,20,24,53,56,57,73,78,79,90,104,127,128,139,157,129,181,157,205
40,5,8,14,20,50,55,56,72,73,78,79,101,104,127,137,155,170,129,186,168,205
41,0,8,13,20,24,53,56,57,73,78,79,90,104,127,129,139,157,129,181,157,205
42,0,8,13,20,24,55,56,57,73,78,79,90,118,127,128,139,157,129,181,157,205
43,3,8,13,20,24,55,56,66,73,77,79,90,104,127,128,139,157,129,181,201,205
44,0,8,13,20,39,55,56,58,73,78,81,90,104,127,128,139,168,129,181,157,205
45,6,8,13,20,50,55,56,57,73,77,79,90,104,127,132,139,157,129,181,157,205
46,0,8,13,20,45,55,56,57,73,78,79,90,104,127,128,139,157,129,181,157,205
47,0,8,13,20,50,55,56,72,73,77,79,90,104,127,128,139,157,129,181,157,205
48,0,8,13,20,50,55,56,64,73,77,79,92,104,127,132,139,157,129,181,157,205
49,0,8,13,20,31,55,56,67,73,77,79,92,104,127,128,139,157,129,181,169,205
50,0,8,13,20,50,53,56,72,73,78,79,90,118,127,128,139,157,129,181,157,205
51,0,8,13,20,24,53,56,57,73,77,79,90,104,126,128,139,157,129,181,157,205
52,0,8,13,20,40,55,56,71,73,77,79,90,104,127,136,139,157,129,181,157,205
53,0,8,13,20,24,53,56,57,73,77,79,90,104,127,128,139,157,129,181,157,205
54,0,8,13,20,24,53,56,57,73,78,79,100,104,127,133,139,157,129,181,157,205
55,0,8,14,20,50,55,56,69,73,78,79,92,104,127,132,139,157,129,181,157,205
56,7,9,13,20,50,55,56,65,74,77,79,90,109,127,137,155,170,180,189,168,205
57,0,8,13,20,50,54,56,57,73,78,79,90,110,127,132,139,157,129,181,157,205
58,0,8,14,22,52,55,56,72,73,78,79,90,104,127,128,139,157,129,181,157,205
59,0,8,13,20,50,55,56,64,73,77,89,90,109,127,137,139,157,129,181,157,205
60,0,8,13,20,50,53,56,69,73,77,79,90,104,127,128,144,157,129,181,157,205
61,0,8,13,20,24,53,56,68,73,77,79,90,104,127,128,139,157,129,181,157,205
62,0,8,14,20,50,53,56,57,73,77,79,92,104,127,137,139,157,129,181,157,205
63,0,8,14,20,50,53,56,60,73,78,79,101,104,127,128,139,166,137,192,170,205
64,6,8,13,20,52,55,56,65,73,78,79,90,104,126,138,139,157,129,181,157,205
65,7,8,13,20,50,55,56,65,73,78,87,90,104,127,137,139,166,176,193,199,205
66,7,8,13,20,43,55,56,62,73,77,79,90,104,127,132,139,157,129,181,157,205
67,0,8,13,20,50,55,56,65,73,78,79,101,104,127,132,50,170,137,192,170,205
68,0,8,13,20,45,55,56,57,73,77,79,90,104,127,128,139,157,129,181,157,205
69,7,8,14,20,50,55,56,65,73,78,79,98,104,127,128,139,170,129,189,202,205
70,5,8,16,20,24,55,56,66,73,78,79,90,104,127,128,139,162,129,181,202,205
71,0,8,13,20,24,54,56,65,73,78,79,98,118,127,133,52,170,176,193,171,205
72,0,11,14,20,50,55,56,64,73,78,79,101,104,127,128,155,172,180,184,202,205
73,0,8,14,22,50,55,56,64,73,78,79,97,104,127,137,139,158,137,183,200,205
74,0,8,13,20,24,53,56,57,73,78,79,90,104,127,128,139,157,129,181,157,205
75,7,8,13,20,50,53,56,63,73,78,79,90,104,127,132,139,157,129,181,157,205
76,0,8,13,20,24,53,56,57,73,78,79,100,113,127,128,139,157,129,181,157,205
77,0,8,14,20,50,55,56,57,73,77,79,90,104,127,137,150,166,129,193,199,205
78,0,8,13,20,24,53,56,57,73,77,79,90,104,127,128,139,157,129,181,157,205
79,0,8,13,20,50,53,56,67,73,78,79,101,104,127,132,139,157,132,181,157,205
80,0,8,13,20,50,55,56,71,73,77,79,92,104,127,138,151,166,138,192,168,205
81,0,8,14,23,52,55,56,63,73,77,79,103,104,127,128,139,170,129,184,157,205
82,7,8,16,20,50,55,56,71,73,78,83,100,104,127,128,139,157,129,181,157,205
83,0,8,13,20,47,55,56,65,73,77,79,90,104,126,128,139,157,129,181,157,205
84,0,8,13,20,50,55,56,63,73,77,79,90,104,127,132,139,157,129,181,157,205
85,7,8,14,20,50,55,56,63,73,78,79,90,104,127,128,144,157,129,181,200,205
86,0,8,13,20,24,53,56,57,73,77,79,90,104,127,128,139,157,129,181,157,205
87,5,8,13,20,50,55,56,65,73,78,79,90,107,127,128,139,157,129,181,157,205
88,0,8,13,20,24,53,56,57,73,77,79,90,104,127,128,139,157,129,181,157,205
89,0,8,13,20,24,53,56,57,73,78,79,90,115,127,128,139,157,129,181,157,205
90,0,8,13,20,24,53,56,57,73,77,79,90,104,127,128,139,157,129,181,157,205
91,3,8,13,20,52,55,56,72,73,78,79,90,104,127,128,149,157,129,181,158,205
92,1,8,19,22,50,54,56,64,73,78,79,90,104,127,132,139,157,129,181,157,205
93,0,8,13,20,24,55,56,57,73,78,81,92,104,127,128,139,157,129,181,157,205
94,0,8,13,20,50,55,56,64,73,77,79,90,104,127,128,150,171,129,181,168,205
95,0,8,13,20,38,55,56,57,73,78,79,90,104,127,136,139,157,129,181,157,205
96,0,8,13,20,24,53,56,57,73,77,79,90,104,127,128,139,157,129,181,157,205
97,0,8,13,20,24,53,56,57,73,78,79,90,104,127,128,139,157,129,181,157,205
98,0,8,13,20,24,53,56,57,73,78,79,90,104,127,128,139,157,129,181,157,205
99,7,8,13,20,24,53,56,57,73,77,79,90,104,127,128,139,157,129,181,157,205
100,0,8,13,20,52,55,56,66,73,78,79,94,104,127,128,156,170,179,181,168,205
101,0,8,13,20,50,54,56,64,73,78,79,90,124,127,137,139,157,129,181,157,205
102,0,8,13,20,45,55,56,57,73,78,79,90,104,127,136,139,157,129,181,157,205
103,0,8,13,20,50,55,56,65,73,78,79,103,104,127,128,150,170,177,189,168,205
104,0,8,13,20,50,55,56,65,73,77,87,92,104,127,132,155,157,129,181,157,205
105,0,8,14,20,50,55,56,72,73,78,79,90,104,127,128,146,168,132,185,164,205
106,0,8,13,20,24,53,56,57,73,78,79,90,104,127,128,139,157,129,181,157,205
107,0,8,13,22,52,54,56,70,73,78,79,90,104,127,128,139,157,129,181,157,205
108,0,8,13,20,24,55,56,72,73,78,79,90,104,127,128,139,157,129,181,157,205
109,7,8,13,20,50,55,56,65,73,78,79,101,112,127,137,50,163,137,181,168,205
110,0,8,13,20,24,53,56,57,73,77,79,90,104,127,128,139,157,129,181,157,205
111,0,8,13,20,39,55,56,67,73,77,81,90,104,127,128,139,157,129,181,157,205
112,0,8,13,20,24,53,56,57,73,78,79,90,104,127,128,139,157,129,181,157,205
113,0,8,14,20,50,55,56,65,73,78,79,92,104,127,137,139,170,137,184,168,205
114,0,8,13,20,50,55,56,65,73,77,79,101,104,127,137,139,163,132,181,157,205
115,0,8,13,20,39,55,56,61,73,78,81,90,104,127,128,145,157,129,181,157,205
116,0,8,13,20,42,55,56,57,73,77,81,90,105,127,129,139,157,129,181,157,205
117,0,8,13,20,50,53,56,57,73,77,79,90,104,127,128,139,157,129,181,157,205
118,7,8,13,20,50,55,56,66,73,78,79,100,109,127,137,139,170,176,181,202,205
119,0,8,14,21,52,55,56,72,73,78,79,90,104,127,128,52,171,132,193,202,205
120,4,8,14,20,50,55,56,66,73,78,85,101,104,127,128,139,168,137,181,202,205
121,7,8,13,20,50,55,56,57,73,78,87,90,104,127,128,148,157,138,181,157,205
122,0,8,13,20,50,53,56,59,73,77,79,90,104,127,128,144,157,129,181,157,205
123,7,8,14,20,50,55,56,65,73,78,79,92,104,127,137,139,157,129,181,157,205
124,0,8,13,20,24,55,56,59,73,78,79,90,104,127,128,139,157,174,185,168,205
125,7,8,13,20,24,53,56,57,73,78,79,90,104,125,128,139,157,129,181,157,205
126,0,8,13,20,50,55,56,63,73,77,79,90,104,127,132,139,157,129,181,157,205
127,0,8,13,22,24,55,56,61,73,78,79,90,104,127,128,139,157,129,185,157,205
128,7,8,13,20,50,55,56,59,73,77,79,90,104,127,137,155,157,129,193,157,205
129,0,8,13,20,50,55,56,72,73,77,79,90,104,127,128,139,157,129,181,157,205
130,0,8,13,20,24,53,56,57,73,78,79,90,104,127,132,139,157,129,181,157,205
131,0,8,13,20,24,53,56,57,73,77,79,90,104,127,128,139,157,129,181,157,205
132,0,8,13,20,50,55,56,57,73,78,79,98,104,127,137,50,168,137,181,201,205
133,7,8,13,20,50,55,56,65,73,77,79,90,104,127,137,139,157,129,181,157,205
134,7,8,16,20,50,53,56,63,73,78,79,90,104,127,132,144,157,129,181,157,205
135,4,8,13,20,51,55,56,62,73,77,79,90,104,127,131,139,157,129,181,157,205
136,0,8,13,20,24,53,56,57,73,78,79,90,104,127,128,139,157,129,181,157,205
137,0,8,13,20,24,55,56,57,73,78,81,90,104,127,138,139,164,129,181,157,205
138,2,8,13,20,24,54,56,71,73,78,79,90,104,127,128,139,157,129,181,157,205
139,4,8,13,20,24,55,56,62,73,78,79,92,104,127,128,50,165,137,181,164,205
140,1,8,13,20,28,55,56,67,73,77,79,90,104,127,128,139,157,129,181,157,205
141,6,8,14,20,50,55,56,65,73,78,79,92,104,127,134,139,157,138,184,204,205
142,0,8,13,20,50,53,56,59,73,77,79,90,104,127,132,50,157,129,181,203,205
143,0,8,13,20,45,55,56,71,73,78,88,90,104,127,128,139,157,173,181,157,205
144,2,8,13,20,40,55,56,57,73,77,79,90,104,127,133,139,157,129,181,157,205
145,0,8,13,20,24,55,56,57,73,78,79,90,104,127,128,139,157,129,181,157,205
146,0,8,14,20,50,54,56,63,73,78,79,98,104,127,132,139,157,129,181,157,205
147,3,8,13,20,35,55,56,65,73,77,79,90,111,127,136,139,157,129,181,157,205
148,0,8,13,20,33,55,56,65,73,77,79,90,104,126,128,139,169,129,181,170,205
149,0,8,13,20,24,55,56,57,73,77,79,90,114,127,128,139,157,129,181,157,205
150,6,8,13,20,52,55,56,69,73,77,79,90,104,127,128,139,166,129,193,171,205
151,0,8,13,20,24,53,56,57,73,78,79,90,108,127,128,139,157,129,181,157,205
152,0,8,13,20,50,55,56,71,73,78,86,101,104,127,132,50,157,132,182,164,205
153,0,8,13,20,50,55,56,57,73,78,79,90,104,127,128,139,157,129,181,157,205
154,0,8,13,20,24,53,56,57,73,77,79,90,104,127,128,139,157,129,181,157,205
155,0,8,13,20,50,55,56,63,73,77,79,90,104,127,128,139,157,129,181,157,205
156,0,10,14,20,50,55,56,63,76,78,79,90,104,127,137,152,168,129,184,201,205
157,6,8,13,21,50,55,56,72,73,78,79,90,104,127,132,139,157,137,181,157,205
158,0,8,14,20,50,53,56,72,73,78,79,90,112,127,132,139,170,178,192,202,205
159,3,8,14,20,50,55,56,72,73,78,79,92,104,127,128,139,157,129,181,171,205
160,1,8,13,22,50,55,56,67,73,78,79,90,104,127,128,139,157,129,181,157,205
161,0,8,16,20,50,55,56,57,73,78,82,90,104,127,137,139,165,137,181,199,205
162,0,8,13,20,24,55,56,57,73,77,79,90,120,127,128,139,157,129,181,157,205
163,0,8,13,20,52,54,56,63,73,78,79,90,104,127,128,140,157,129,181,157,205
164,0,8,13,20,24,53,56,57,73,78,79,90,104,127,134,139,157,129,181,157,205
165,0,11,13,20,50,53,56,57,73,78,79,90,104,127,138,148,157,138,184,157,205
166,0,8,13,20,24,53,56,57,73,78,79,90,104,127,128,139,157,129,181,157,205
167,0,8,13,20,39,55,56,71,73,77,81,90,104,127,128,139,157,129,181,157,205
168,0,8,13,20,50,53,56,57,76,78,79,90,116,127,132,139,157,129,181,157,205
169,0,8,14,20,50,55,56,67,73,78,79,90,104,127,128,139,157,129,192,157,205
170,7,12,14,20,50,55,56,65,73,78,79,97,104,127,132,50,170,132,189,204,205
171,0,8,14,20,52,55,56,69,73,78,79,90,104,127,128,139,168,129,181,164,205
172,5,8,13,20,50,55,56,69,73,78,79,103,104,126,132,155,166,137,186,199,205
173,0,8,14,20,52,55,56,66,73,78,79,90,104,125,129,140,164,178,193,157,205
174,6,8,13,20,24,53,56,57,73,78,79,90,104,127,128,139,157,129,181,157,205
175,4,8,13,20,45,55,56,57,73,78,88,90,104,127,88,139,157,129,181,157,205
176,7,8,13,20,50,55,56,65,73,78,79,92,104,127,134,139,170,137,181,168,205
177,0,8,13,20,45,55,56,57,73,77,80,90,104,127,134,139,157,129,181,157,205
178,5,8,13,20,50,55,56,66,73,77,79,90,104,127,128,153,157,129,184,157,205
179,0,8,13,20,24,55,56,57,73,77,79,90,104,127,128,139,157,129,181,157,205
180,0,8,13,20,50,55,56,57,73,78,79,90,104,127,132,139,170,129,181,168,205
181,0,8,13,20,24,53,56,57,73,78,79,90,104,127,128,139,157,129,181,157,205
182,0,8,13,22,24,54,56,71,73,77,79,94,104,127,138,52,157,129,181,160,205
183,7,8,13,20,52,55,56,65,73,77,79,92,104,127,128,52,171,129,181,202,205
184,0,8,13,20,24,53,56,57,73,78,79,90,104,126,128,139,157,129,181,157,205
185,0,8,13,20,24,53,56,57,73,78,79,90,104,127,128,139,157,129,181,157,205
186,0,8,13,20,24,53,56,57,74,77,79,90,104,127,128,139,157,129,181,157,205
187,0,8,13,20,50,54,56,57,73,78,79,90,104,127,128,139,157,129,181,157,205
188,6,8,14,20,50,55,56,65,73,78,79,92,104,127,128,139,158,132,181,196,205
189,0,8,13,20,24,53,56,57,73,78,79,90,104,127,128,139,157,129,181,157,205
190,0,8,13,20,24,53,56,57,73,77,79,90,104,127,128,139,157,129,181,157,205
191,0,8,13,20,24,53,56,57,73,78,79,90,104,127,128,139,157,129,181,157,205
192,1,8,13,20,40,55,56,57,73,78,79,90,104,127,130,139,157,129,181,198,205
193,0,8,13,20,24,55,56,57,73,78,84,92,104,127,129,151,157,176,181,168,205
194,0,8,14,20,50,55,56,72,73,77,79,90,104,127,132,139,166,129,181,164,205
195,0,8,13,20,24,53,56,57,73,77,79,90,104,127,128,139,157,129,181,157,205
196,4,8,14,20,50,54,56,66,73,78,79,90,104,127,132,156,170,179,192,168,205
197,0,8,13,20,24,55,56,66,73,78,79,90,104,127,128,50,165,137,181,164,205
198,0,8,13,20,52,55,56,59,73,77,79,100,104,127,128,52,157,129,181,200,205
199,7,8,13,20,50,55,56,65,73,78,83,90,104,127,137,50,171,129,181,170,205
200,7,8,13,20,48,55,56,65,73,78,79,102,104,126,132,155,157,137,181,168,205
201,0,8,13,20,24,55,56,65,73,77,79,90,104,127,138,139,157,138,181,157,205
202,0,8,13,22,52,55,56,66,73,78,79,90,104,127,138,139,157,129,181,157,205
203,7,8,18,20,50,55,56,72,73,77,79,100,104,127,132,50,170,129,181,202,205
204,0,8,14,22,50,54,56,65,73,78,79,90,104,127,132,140,170,176,193,168,205
205,0,8,13,20,40,55,56,60,73,77,79,90,104,127,130,139,157,129,181,198,205
206,0,8,14,20,50,55,56,65,73,78,79,94,104,127,132,50,162,132,181,202,205
207,0,8,14,20,50,55,56,63,73,77,79,90,104,127,132,139,157,129,181,157,205
208,0,8,14,20,50,55,56,66,73,78,79,90,104,127,128,50,167,176,184,171,205
209,0,8,13,20,50,55,56,57,73,78,81,90,104,127,128,139,157,129,181,157,205
210,0,8,13,20,38,55,56,65,73,77,79,90,104,127,128,139,157,129,181,157,205
211,0,8,15,20,50,55,56,65,73,78,83,100,104,127,128,50,170,129,181,201,205
212,0,8,14,20,24,55,56,63,73,78,79,92,104,127,128,155,172,137,186,170,205
213,0,8,14,20,50,55,56,69,73,77,79,90,104,127,132,139,170,176,189,202,205
214,0,8,13,20,39,55,56,57,73,78,81,90,104,127,136,139,165,175,181,166,205
215,0,8,14,20,24,54,56,57,73,78,79,90,104,127,128,150,157,129,181,157,205
216,0,8,13,20,24,53,56,57,73,78,79,90,119,127,128,139,157,129,181,157,205
217,0,8,13,20,24,53,56,57,73,77,79,90,104,125,128,139,157,129,181,157,205
218,4,8,13,20,50,53,56,57,73,78,79,90,104,127,128,139,157,129,181,157,205
219,3,8,13,20,35,55,56,66,73,78,79,90,104,127,128,139,162,129,181,199,205
220,3,8,14,20,24,55,56,59,73,78,79,101,104,127,128,139,157,129,181,170,205
221,7,8,14,20,50,55,56,65,73,78,79,90,104,127,128,139,157,129,181,157,205
222,7,8,13,20,50,55,56,65,73,77,79,100,104,126,137,139,168,129,185,200,205
223,0,8,14,20,30,53,56,57,73,77,79,90,104,127,132,139,157,129,181,157,205
224,5,8,14,20,50,55,56,64,73,78,79,90,104,127,137,150,166,137,190,168,205
225,0,8,13,20,45,55,56,57,73,78,80,90,104,127,128,139,157,129,181,157,205
226,2,8,13,20,42,55,56,72,73,78,81,90,114,127,135,139,157,173,181,162,205
227,7,8,13,20,45,55,56,69,73,77,88,90,104,127,88,139,157,173,181,201,205
228,0,8,13,20,24,53,56,57,73,77,79,90,104,127,128,139,157,129,181,157,205
229,0,8,13,20,50,55,56,65,73,77,79,92,104,127,137,139,169,129,193,202,205
230,0,8,13,20,24,53,56,57,73,78,79,90,104,127,128,139,157,129,181,157,205
231,0,8,13,20,24,53,56,57,73,77,79,90,104,127,128,139,157,129,181,157,205
232,0,8,14,20,50,55,56,69,73,78,79,90,104,127,128,155,170,137,190,168,205
233,5,8,13,20,38,55,56,68,73,77,79,90,104,127,130,139,157,129,181,157,205
234,0,8,13,20,50,55,56,63,73,77,83,90,104,127,128,139,157,129,181,157,205
235,0,8,13,20,24,53,56,57,73,77,79,90,104,127,128,139,157,129,181,157,205
236,7,8,14,20,50,53,56,59,73,77,79,90,104,127,137,150,172,137,188,204,205
237,7,8,13,20,50,55,56,65,73,77,79,101,104,127,132,50,163,132,181,171,205
238,0,8,13,20,24,53,56,57,73,78,79,90,117,127,137,139,157,129,181,157,205
239,0,9,13,20,50,55,56,57,73,77,87,90,104,127,132,144,157,129,181,157,205
240,0,8,13,20,50,54,56,69,73,77,79,90,104,127,128,139,157,129,181,157,205
241,0,8,13,20,24,53,56,57,73,78,79,90,104,127,134,139,157,129,181,157,205
242,0,8,13,20,24,53,56,57,73,78,79,90,104,127,128,139,157,129,181,157,205
243,0,8,13,20,24,53,56,57,73,77,79,90,119,127,128,139,157,129,181,157,205
244,0,8,13,20,24,53,56,57,73,78,79,90,104,127,128,139,157,129,181,157,205
245,0,8,13,20,32,54,56,63,73,77,79,90,104,127,129,139,157,129,181,157,205
246,0,8,13,20,24,53,56,57,73,77,79,90,123,127,128,139,157,129,181,157,205
247,4,8,13,20,50,55,56,72,73,78,85,92,104,127,128,139,170,129,193,170,205
248,0,8,14,20,50,55,56,69,73,78,79,90,104,127,128,150,166,177,181,169,205
249,0,8,19,20,50,55,56,57,73,78,79,90,104,127,128,139,157,129,181,157,205
250,7,8,14,20,50,55,56,63,73,77,79,92,104,127,132,139,157,129,181,157,205
251,0,8,13,20,24,53,56,57,73,77,79,90,104,127,128,139,157,129,181,157,205
252,0,12,16,20,50,55,56,65,73,77,79,100,104,127,132,50,171,132,181,171,205
253,0,8,13,20,24,53,56,57,73,77,79,90,104,127,128,139,157,129,181,157,205
254,0,8,14,20,50,54,56,71,73,78,79,90,124,127,137,150,170,178,183,168,205
255,0,8,13,20,35,55,56,57,73,78,79,90,104,127,128,139,157,129,181,157,205
256,0,8,13,20,38,55,56,68,73,77,79,101,104,127,128,139,157,129,181,157,205
257,7,8,14,20,50,55,56,63,73,77,79,90,104,127,137,139,157,138,192,168,205
258,0,10,14,20,50,55,56,63,73,78,79,92,104,127,128,152,168,132,184,168,205
259,0,8,13,20,24,53,56,57,73,78,79,90,104,126,128,139,157,129,181,157,205
260,0,8,13,20,24,53,56,57,73,78,79,90,104,127,128,139,157,129,181,157,205
261,0,8,13,20,50,55,56,65,73,78,83,100,104,127,137,139,170,129,181,168,205
262,0,8,13,20,24,53,56,57,73,78,79,90,104,126,128,139,157,129,181,157,205
263,0,8,13,20,45,55,56,62,73,78,88,101,122,127,128,139,157,129,181,157,205
264,0,8,13,20,24,53,56,57,73,77,79,90,104,127,128,139,157,129,181,157,205
265,7,8,13,20,50,55,56,65,75,78,79,101,104,127,137,50,157,137,181,170,205
266,3,8,14,22,50,54,56,66,73,78,79,90,104,125,137,139,157,129,193,168,205
267,0,8,13,20,24,55,56,68,73,78,79,90,104,127,128,139,157,129,181,157,205
268,0,8,13,20,50,53,56,57,73,78,79,90,104,127,128,139,157,129,181,157,205
269,0,8,14,23,52,55,56,72,73,77,79,90,104,127,128,52,171,177,181,202,205
270,0,8,13,20,24,53,56,57,73,77,79,90,113,127,128,139,157,129,181,157,205
271,0,8,14,20,50,55,56,59,73,78,79,100,104,127,137,155,170,137,181,202,205
272,0,8,14,20,52,55,56,57,73,77,79,90,104,127,128,139,157,129,181,157,205
273,4,8,13,20,36,55,56,62,73,77,79,90,104,127,128,139,157,129,181,157,205
274,7,8,14,20,50,55,56,65,73,78,79,92,104,127,137,139,166,137,181,200,205
275,0,8,13,20,24,53,56,57,73,78,79,90,104,127,128,139,157,129,181,157,205
276,6,8,14,20,50,55,56,65,73,78,79,101,104,127,128,155,170,129,192,168,205
277,0,8,13,20,24,53,56,57,73,78,79,90,104,127,137,139,157,129,181,157,205
278,0,8,13,20,45,55,56,57,73,77,80,90,104,127,88,139,157,129,181,157,205
279,0,8,13,20,24,55,56,57,73,77,81,90,104,127,128,139,157,129,181,157,205
280,0,8,13,20,24,53,56,57,73,78,79,90,104,127,128,139,157,129,181,157,205
281,6,8,13,20,24,55,56,58,73,78,79,92,104,127,128,50,165,132,182,164,205
282,0,8,13,20,24,53,56,57,73,78,79,90,104,126,128,139,157,129,181,157,205
283,0,8,14,21,33,55,56,66,73,78,79,100,104,127,128,50,157,129,181,169,205
284,0,8,13,20,24,53,56,57,73,78,79,90,104,127,128,139,157,129,181,157,205
285,0,8,14,20,50,55,56,65,73,78,84,92,104,127,137,156,170,137,185,203,205
286,0,8,13,20,24,53,56,57,73,78,79,90,104,127,128,139,157,129,181,157,205
287,0,8,13,20,24,53,56,57,73,77,79,90,104,127,128,139,157,129,181,157,205
288,0,8,14,20,50,55,56,65,73,78,79,90,104,127,136,139,157,129,181,157,205
289,0,8,13,20,39,55,56,72,73,78,79,90,104,127,128,139,157,129,181,157,205
290,0,8,14,20,50,55,56,57,73,78,79,90,104,127,132,139,157,129,181,157,205
291,6,8,14,20,50,55,56,69,73,78,79,90,104,127,129,150,166,179,184,199,205
292,0,8,13,20,24,53,56,57,73,77,79,90,104,127,128,139,157,129,181,157,205
293,6,8,13,20,24,55,56,57,73,78,79,90,104,127,128,139,157,129,181,170,205
294,0,8,13,20,24,53,56,57,73,78,79,90,104,127,128,139,157,129,181,157,205
295,7,10,14,20,50,55,56,63,76,78,79,90,104,127,132,155,157,137,186,157,205
296,0,8,13,20,45,55,56,60,73,77,88,90,122,127,128,139,157,129,181,157,205
297,0,8,13,20,50,55,56,65,73,78,79,90,104,127,128,147,172,132,188,201,205
298,6,8,13,20,24,53,56,69,73,77,79,90,104,127,128,155,170,137,186,164,205
299,0,8,19,20,50,54,56,66,73,78,79,90,104,127,132,139,157,129,181,157,205
300,0,8,13,20,51,55,56,71,73,77,79,90,121,127,137,139,157,129,181,157,205
301,0,8,13,20,50,55,56,64,73,77,79,90,104,127,128,139,157,129,181,157,205
302,0,8,13,20,50,54,56,61,73,77,79,90,104,127,128,139,157,129,181,157,205
303,0,8,13,20,24,53,56,57,73,77,79,90,104,127,128,139,157,129,181,157,205
304,0,8,13,20,24,53,56,57,73,77,79,90,123,127,128,139,157,129,181,157,205
305,0,8,13,20,24,53,56,57,73,78,79,90,104,127,128,139,157,129,181,157,205
306,0,8,13,20,24,53,56,57,73,78,79,90,104,127,128,139,157,129,181,157,205
307,1,8,14,20,24,54,56,64,73,78,79,92,104,127,129,151,157,129,181,202,205
308,0,8,17,20,50,55,56,64,73,78,82,90,104,127,132,139,157,129,181,157,205
309,0,8,13,20,24,54,56,66,73,77,79,90,104,127,128,139,157,129,181,157,205
310,0,8,13,20,24,53,56,57,73,77,81,90,104,127,138,139,157,129,181,157,205
311,0,8,13,20,24,53,56,57,73,78,79,90,104,127,128,139,157,129,181,157,205
312,0,8,13,20,24,53,56,57,73,78,79,90,108,127,128,139,157,129,181,157,205
313,0,8,13,20,50,55,56,59,73,78,79,92,117,127,137,142,157,129,181,157,205
314,7,8,14,20,50,55,56,65,73,78,79,99,104,127,137,139,170,129,193,202,205
315,0,8,13,20,24,53,56,57,73,77,82,101,112,127,134,139,157,129,181,157,205
316,0,8,13,20,24,53,56,57,73,77,79,90,104,127,137,139,157,129,181,157,205
317,0,8,13,20,50,54,56,66,73,78,79,98,104,127,132,139,157,129,181,195,205
318,7,8,13,20,50,55,56,65,73,78,79,102,104,127,137,139,157,129,181,157,205
319,0,8,13,20,35,55,56,69,73,77,79,90,104,127,136,139,157,129,181,157,205
320,0,8,14,22,51,55,56,57,73,78,79,101,104,127,131,139,157,129,181,157,205
321,0,8,13,20,24,53,56,57,73,78,79,90,104,127,128,139,157,129,181,157,205
322,0,8,13,20,24,53,56,57,73,77,79,90,112,127,128,139,157,129,181,157,205
323,6,8,14,20,50,55,56,65,73,78,79,102,104,126,132,156,170,179,181,168,205
324,0,8,13,20,24,53,56,57,73,78,79,90,104,125,129,139,157,129,181,157,205
325,0,8,13,20,24,53,56,57,73,78,79,90,104,127,128,139,157,129,181,157,205
326,0,8,13,20,42,55,56,57,73,78,81,90,105,127,133,145,157,129,181,157,205
327,0,8,13,20,24,53,56,57,73,77,79,90,115,127,128,139,157,129,181,157,205
328,4,8,13,20,50,55,56,57,76,78,79,90,104,127,134,139,157,132,181,157,205
329,0,8,13,20,24,53,56,57,73,78,79,90,104,127,128,139,157,129,181,157,205
330,4,8,19,22,50,55,56,71,73,77,79,90,104,127,132,139,166,178,183,164,205
331,6,8,18,20,50,54,56,69,73,78,79,100,104,126,132,154,168,137,191,168,205
332,6,8,14,20,50,55,56,69,73,78,79,90,104,127,128,150,166,177,191,170,205
333,0,8,13,20,47,55,56,57,73,77,79,90,104,127,128,139,157,129,181,157,205
334,0,8,13,20,50,55,56,65,73,77,79,94,106,127,138,139,157,129,181,157,205
335,2,8,18,20,52,55,56,59,73,78,79,90,104,127,133,139,157,129,181,157,205
336,2,8,13,20,50,55,56,61,73,77,79,90,104,127,128,139,157,129,181,157,205
337,0,8,13,20,24,53,56,57,73,77,79,90,104,127,128,139,157,129,181,157,205
338,0,8,13,20,50,55,56,57,73,77,79,90,104,127,128,139,157,129,181,157,205
339,6,8,13,20,50,55,56,72,73,78,86,98,106,125,134,144,168,137,181,171,205
340,0,8,13,20,50,55,56,57,73,77,79,90,104,127,128,50,168,129,181,162,205
341,6,8,13,20,50,55,56,65,73,77,79,90,104,127,132,139,157,129,181,157,205
342,0,8,13,20,50,55,56,59,75,78,89,90,104,127,137,139,157,129,181,157,205
343,1,8,13,20,24,53,56,57,73,78,81,90,120,127,128,139,157,129,181,157,205
344,0,8,13,20,50,55,56,63,73,78,79,90,104,127,137,155,157,129,181,157,205
345,0,8,13,20,50,53,56,59,73,77,84,90,110,127,132,139,157,129,181,157,205
346,2,8,14,21,50,55,56,71,73,78,79,102,121,127,137,139,157,132,181,162,205
347,0,8,14,20,50,53,56,59,73,78,79,92,116,127,132,139,157,129,181,157,205
